

================================================================
== Synthesis Summary Report of 'cnn_hw'
================================================================
+ General Information: 
    * Date:           Wed Sep  9 13:10:15 2026
    * Version:        2024.1 (Build 5069499 on May 21 2024)
    * Project:        hw_U1
    * Solution:       sol1 (Vivado IP Flow Target)
    * Product family: zynq
    * Target device:  xc7z020-clg400-1
    

+ Performance & Resource Estimates: 
    
    PS: '+' for module; 'o' for loop; '*' for dataflow
    +----------------------------+------+-------+---------+-----------+----------+---------+-------+----------+----------+----------+-----------+-------------+-----+
    |           Modules          | Issue|       | Latency |  Latency  | Iteration|         |  Trip |          |          |          |           |             |     |
    |           & Loops          | Type | Slack | (cycles)|    (ns)   |  Latency | Interval| Count | Pipelined|   BRAM   |    DSP   |     FF    |     LUT     | URAM|
    +----------------------------+------+-------+---------+-----------+----------+---------+-------+----------+----------+----------+-----------+-------------+-----+
    |+ cnn_hw                    |     -|   0.00|        -|          -|         -|        -|      -|        no|  87 (31%)|  59 (26%)|  6004 (5%)|  10623 (19%)|    -|
    | o WIN_LOOP                 |     -|  14.60|        -|          -|     86959|        -|      -|        no|         -|         -|          -|            -|    -|
    |  + cnn_hw_Pipeline_CP_IN   |     -|   0.00|     2059|  4.118e+04|         -|     2059|      -|        no|         -|         -|  271 (~0%)|    368 (~0%)|    -|
    |   o CP_IN                  |     -|  14.60|     2057|  4.114e+04|        11|        1|   2048|       yes|         -|         -|          -|            -|    -|
    |  + cnn_core*               |     -|   3.05|    84870|  1.697e+06|         -|    49155|      -|  dataflow|  82 (29%)|  59 (26%)|  4184 (3%)|   8443 (15%)|    -|
    |   + load_in                |     -|   8.09|     2050|  4.100e+04|         -|     2050|      -|        no|         -|         -|   26 (~0%)|     68 (~0%)|    -|
    |    o LD                    |     -|  14.60|     2048|  4.096e+04|         2|        1|   2048|       yes|         -|         -|          -|            -|    -|
    |   + conv1                  |     -|   4.10|    32776|  6.555e+05|         -|    32776|      -|        no|         -|    5 (2%)|  403 (~0%)|    1482 (2%)|    -|
    |    o C1_MAIN               |    II|  14.60|    32774|  6.555e+05|         9|        2|  16384|       yes|         -|         -|          -|            -|    -|
    |   + conv2                  |     -|   3.47|    49163|  9.833e+05|         -|    49163|      -|        no|         -|  51 (23%)|  2443 (2%)|    3992 (7%)|    -|
    |    o C2_MAIN               |    II|  14.60|    49161|  9.832e+05|        13|        3|  16384|       yes|         -|         -|          -|            -|    -|
    |   + gap                    |     -|   7.48|      551|  1.102e+04|         -|      551|      -|        no|         -|         -|  572 (~0%)|    1352 (2%)|    -|
    |    + gap_Pipeline_G_L      |     -|   7.65|      514|  1.028e+04|         -|      514|      -|        no|         -|         -|  557 (~0%)|    1119 (2%)|    -|
    |     o G_L                  |     -|  14.60|      512|  1.024e+04|         2|        1|    512|       yes|         -|         -|          -|            -|    -|
    |    + gap_Pipeline_G_O      |     -|   7.48|       34|    680.000|         -|       34|      -|        no|         -|         -|    8 (~0%)|    197 (~0%)|    -|
    |     o G_O                  |     -|  14.60|       32|    640.000|         1|        1|     32|       yes|         -|         -|          -|            -|    -|
    |   + dense_argmax           |     -|   3.05|      326|  6.520e+03|         -|      326|      -|        no|   1 (~0%)|    3 (1%)|  684 (~0%)|     807 (1%)|    -|
    |    o D_K_D_IN              |     -|  14.60|      324|  6.480e+03|         6|        1|    320|       yes|         -|         -|          -|            -|    -|
    |  + cnn_hw_Pipeline_CP_OUT  |     -|   0.00|       13|    260.000|         -|       13|      -|        no|         -|         -|   40 (~0%)|     75 (~0%)|    -|
    |   o CP_OUT                 |     -|  14.60|       11|    220.000|         3|        1|     10|       yes|         -|         -|          -|            -|    -|
    +----------------------------+------+-------+---------+-----------+----------+---------+-------+----------+----------+----------+-----------+-------------+-----+


================================================================
== HW Interfaces
================================================================
* M_AXI
+------------+------------+------------+---------------+---------+--------+----------+-----------+--------------+--------------+-------------+-------------+-------------------+
| Interface  | Read/Write | Data Width | Address Width | Latency | Offset | Register | Max Widen | Max Read     | Max Write    | Num Read    | Num Write   | Resource Estimate |
|            |            | (SW->HW)   |               |         |        |          | Bitwidth  | Burst Length | Burst Length | Outstanding | Outstanding |                   |
+------------+------------+------------+---------------+---------+--------+----------+-----------+--------------+--------------+-------------+-------------+-------------------+
| m_axi_gmem | READ_WRITE | 8 -> 32    | 64            | 0       | slave  | 0        | 0         | 16           | 16           | 16          | 16          | BRAM=4            |
+------------+------------+------------+---------------+---------+--------+----------+-----------+--------------+--------------+-------------+-------------+-------------------+

* S_AXILITE Interfaces
+---------------+------------+---------------+--------+----------+
| Interface     | Data Width | Address Width | Offset | Register |
+---------------+------------+---------------+--------+----------+
| s_axi_control | 32         | 6             | 16     | 0        |
+---------------+------------+---------------+--------+----------+

* S_AXILITE Registers
+---------------+----------+--------+-------+--------+----------------------------------+----------------------------------------------------------------------+
| Interface     | Register | Offset | Width | Access | Description                      | Bit Fields                                                           |
+---------------+----------+--------+-------+--------+----------------------------------+----------------------------------------------------------------------+
| s_axi_control | CTRL     | 0x00   | 32    | RW     | Control signals                  | 0=AP_START 1=AP_DONE 2=AP_IDLE 3=AP_READY 7=AUTO_RESTART 9=INTERRUPT |
| s_axi_control | GIER     | 0x04   | 32    | RW     | Global Interrupt Enable Register | 0=Enable                                                             |
| s_axi_control | IP_IER   | 0x08   | 32    | RW     | IP Interrupt Enable Register     | 0=CHAN0_INT_EN 1=CHAN1_INT_EN                                        |
| s_axi_control | IP_ISR   | 0x0c   | 32    | RW     | IP Interrupt Status Register     | 0=CHAN0_INT_ST 1=CHAN1_INT_ST                                        |
| s_axi_control | x_in_1   | 0x10   | 32    | W      | Data signal of x_in              |                                                                      |
| s_axi_control | x_in_2   | 0x14   | 32    | W      | Data signal of x_in              |                                                                      |
| s_axi_control | y_out_1  | 0x1c   | 32    | W      | Data signal of y_out             |                                                                      |
| s_axi_control | y_out_2  | 0x20   | 32    | W      | Data signal of y_out             |                                                                      |
| s_axi_control | n_win    | 0x28   | 32    | W      | Data signal of n_win             |                                                                      |
+---------------+----------+--------+-------+--------+----------------------------------+----------------------------------------------------------------------+

* TOP LEVEL CONTROL
+-----------+------------+-----------+
| Interface | Type       | Ports     |
+-----------+------------+-----------+
| ap_clk    | clock      | ap_clk    |
| ap_rst_n  | reset      | ap_rst_n  |
| interrupt | interrupt  | interrupt |
| ap_ctrl   | ap_ctrl_hs |           |
+-----------+------------+-----------+


================================================================
== SW I/O Information
================================================================
* Top Function Arguments
+----------+-----------+---------------------+
| Argument | Direction | Datatype            |
+----------+-----------+---------------------+
| x_in     | inout     | signed char const * |
| y_out    | inout     | int*                |
| n_win    | in        | int                 |
+----------+-----------+---------------------+

* SW-to-HW Mapping
+----------+---------------+-----------+----------+-----------------------------------+
| Argument | HW Interface  | HW Type   | HW Usage | HW Info                           |
+----------+---------------+-----------+----------+-----------------------------------+
| x_in     | m_axi_gmem    | interface |          | channel=0                         |
| x_in     | s_axi_control | register  | offset   | name=x_in_1 offset=0x10 range=32  |
| x_in     | s_axi_control | register  | offset   | name=x_in_2 offset=0x14 range=32  |
| y_out    | m_axi_gmem    | interface |          | channel=0                         |
| y_out    | s_axi_control | register  | offset   | name=y_out_1 offset=0x1c range=32 |
| y_out    | s_axi_control | register  | offset   | name=y_out_2 offset=0x20 range=32 |
| n_win    | s_axi_control | register  |          | name=n_win offset=0x28 range=32   |
+----------+---------------+-----------+----------+-----------------------------------+


================================================================
== M_AXI Burst Information
================================================================
 Note: All burst requests might be further partitioned into multiple requests during RTL generation based on max_read_burst_length or max_write_burst_length settings.

* Inferred Burst Summary
+--------------+-----------+--------+-------+--------+------------------+
| HW Interface | Direction | Length | Width | Loop   | Loop Location    |
+--------------+-----------+--------+-------+--------+------------------+
| m_axi_gmem   | write     | 10     | 32    | CP_OUT | cnn_hw.cpp:24:13 |
+--------------+-----------+--------+-------+--------+------------------+

* All M_AXI Variable Accesses
+--------------+----------+------------------+-----------+--------------+--------+----------+------------------+------------+-------------------------------------------------------------------------------------------------------+
| HW Interface | Variable | Access Location  | Direction | Burst Status | Length | Loop     | Loop Location    | Resolution | Problem                                                                                               |
+--------------+----------+------------------+-----------+--------------+--------+----------+------------------+------------+-------------------------------------------------------------------------------------------------------+
| m_axi_gmem   | x_in     | cnn_hw.cpp:19:19 | read      | Widen Fail   |        | CP_IN    | cnn_hw.cpp:17:12 | 214-353    | Could not widen since type i8 size is greater than or equal to the max_widen_bitwidth threshold of 0  |
| m_axi_gmem   | x_in     | cnn_hw.cpp:19:19 | read      | Fail         |        |          |                  | 214-231    | Access is clobbered by call                                                                           |
| m_axi_gmem   | x_in     | cnn_hw.cpp:19:19 | read      | Inferred     | 2048   | CP_IN    | cnn_hw.cpp:17:12 |            |                                                                                                       |
| m_axi_gmem   | y_out    | cnn_hw.cpp:23:28 | write     | Fail         |        | WIN_LOOP | cnn_hw.cpp:15:12 | 214-230    | Stride is incompatible                                                                                |
| m_axi_gmem   | y_out    | cnn_hw.cpp:26:33 | write     | Widen Fail   |        | CP_OUT   | cnn_hw.cpp:24:13 | 214-353    | Could not widen since type i32 size is greater than or equal to the max_widen_bitwidth threshold of 0 |
| m_axi_gmem   | y_out    | cnn_hw.cpp:26:33 | write     | Fail         |        | WIN_LOOP | cnn_hw.cpp:15:12 | 214-230    | Stride is incompatible                                                                                |
| m_axi_gmem   | y_out    | cnn_hw.cpp:26:33 | write     | Inferred     | 10     | CP_OUT   | cnn_hw.cpp:24:13 |            |                                                                                                       |
+--------------+----------+------------------+-----------+--------------+--------+----------+------------------+------------+-------------------------------------------------------------------------------------------------------+

    * Resolution URL: docs.xilinx.com/access/sources/dita/topic?Doc_Version=2024.1%20English&url=ug1448-hls-guidance&resourceid=XXX-YYY.html (replace XXX-YYY with column value)

================================================================
== Bind Op Report
================================================================
+---------------------------------------------------------------------------------+-----+--------+------------------------------------------------------------------+-----------+-----------+---------+
| Name                                                                            | DSP | Pragma | Variable                                                         | Op        | Impl      | Latency |
+---------------------------------------------------------------------------------+-----+--------+------------------------------------------------------------------+-----------+-----------+---------+
| + cnn_hw                                                                        | 59  |        |                                                                  |           |           |         |
|   add_ln15_3_fu_550_p2                                                          |     |        | add_ln15_3                                                       | add       | fabric    | 0       |
|   icmp_ln15_fu_560_p2                                                           |     |        | icmp_ln15                                                        | setlt     | auto      | 0       |
|   add_ln15_2_fu_565_p2                                                          |     |        | add_ln15_2                                                       | add       | fabric    | 0       |
|   add_ln15_fu_584_p2                                                            |     |        | add_ln15                                                         | add       | fabric    | 0       |
|   add_ln15_1_fu_594_p2                                                          |     |        | add_ln15_1                                                       | add       | fabric    | 0       |
|   add_ln23_fu_599_p2                                                            |     |        | add_ln23                                                         | add       | fabric    | 0       |
|  + cnn_hw_Pipeline_CP_IN                                                        | 0   |        |                                                                  |           |           |         |
|    icmp_ln17_fu_117_p2                                                          |     |        | icmp_ln17                                                        | seteq     | auto      | 0       |
|    add_ln17_fu_123_p2                                                           |     |        | add_ln17                                                         | add       | fabric    | 0       |
|    add_ln19_1_fu_133_p2                                                         |     |        | add_ln19_1                                                       | add       | fabric    | 0       |
|    add_ln19_fu_143_p2                                                           |     |        | add_ln19                                                         | add       | fabric    | 0       |
|    lshr_ln19_fu_193_p2                                                          |     |        | lshr_ln19                                                        | lshr      | auto_pipe | 0       |
|  + cnn_core                                                                     | 59  |        |                                                                  |           |           |         |
|   + load_in                                                                     | 0   |        |                                                                  |           |           |         |
|     icmp_ln20_fu_199_p2                                                         |     |        | icmp_ln20                                                        | seteq     | auto      | 0       |
|     add_ln20_fu_205_p2                                                          |     |        | add_ln20                                                         | add       | fabric    | 0       |
|   + conv1                                                                       | 5   |        |                                                                  |           |           |         |
|     icmp_ln25_fu_907_p2                                                         |     |        | icmp_ln25                                                        | seteq     | auto      | 0       |
|     i_5_fu_913_p2                                                               |     |        | i_5                                                              | add       | fabric    | 0       |
|     t_fu_936_p2                                                                 |     |        | t                                                                | add       | fabric    | 0       |
|     icmp_ln29_fu_952_p2                                                         |     |        | icmp_ln29                                                        | setne     | auto      | 0       |
|     sparsemux_9_3_8_1_1_U14                                                     |     |        | x                                                                | sparsemux | auto      | 0       |
|     x_85_fu_1133_p3                                                             |     |        | x_85                                                             | select    | auto_sel  | 0       |
|     sparsemux_33_4_8_1_1_U15                                                    |     |        | tmp                                                              | sparsemux | auto      | 0       |
|     mac_muladd_8s_8s_16s_16_4_1_U31                                             | 1   |        | acc                                                              | mul       | dsp_slice | 3       |
|     t_11_fu_996_p2                                                              |     |        | t_11                                                             | add       | fabric    | 0       |
|     icmp_ln29_1_fu_1012_p2                                                      |     |        | icmp_ln29_1                                                      | setne     | auto      | 0       |
|     sparsemux_9_3_8_1_1_U16                                                     |     |        | x_86                                                             | sparsemux | auto      | 0       |
|     x_87_fu_1242_p3                                                             |     |        | x_87                                                             | select    | auto_sel  | 0       |
|     sparsemux_33_4_8_1_1_U17                                                    |     |        | tmp_2                                                            | sparsemux | auto      | 0       |
|     mul_8s_8s_16_1_1_U18                                                        |     |        | mul_ln30                                                         | mul       | auto      | 0       |
|     mac_muladd_8s_8s_16s_16_4_1_U31                                             | 1   |        | acc_10                                                           | add       | dsp_slice | 3       |
|     sparsemux_9_3_8_1_1_U22                                                     |     |        | x_88                                                             | sparsemux | auto      | 0       |
|     x_89_fu_1639_p3                                                             |     |        | x_89                                                             | select    | auto_sel  | 0       |
|     sparsemux_33_4_8_1_1_U23                                                    |     |        | tmp_4                                                            | sparsemux | auto      | 0       |
|     mul_8s_8s_16_1_1_U24                                                        |     |        | mul_ln30_1                                                       | mul       | auto      | 0       |
|     sparsemux_9_3_8_1_1_U19                                                     |     |        | x_90                                                             | sparsemux | auto      | 0       |
|     x_91_fu_1365_p3                                                             |     |        | x_91                                                             | select    | auto_sel  | 0       |
|     sparsemux_33_4_8_1_1_U20                                                    |     |        | tmp_6                                                            | sparsemux | auto      | 0       |
|     mac_muladd_8s_8s_16s_16_4_1_U32                                             | 1   |        | mul_ln30_2                                                       | mul       | dsp_slice | 3       |
|     mac_muladd_8s_8s_16s_16_4_1_U32                                             | 1   |        | add_ln30                                                         | add       | dsp_slice | 3       |
|     acc_11_fu_2039_p2                                                           |     |        | acc_11                                                           | add       | fabric    | 0       |
|     t_12_fu_1066_p2                                                             |     |        | t_12                                                             | add       | fabric    | 0       |
|     icmp_ln29_2_fu_1082_p2                                                      |     |        | icmp_ln29_2                                                      | setne     | auto      | 0       |
|     sparsemux_9_3_8_1_1_U21                                                     |     |        | x_92                                                             | sparsemux | auto      | 0       |
|     x_93_fu_1474_p3                                                             |     |        | x_93                                                             | select    | auto_sel  | 0       |
|     sparsemux_33_4_8_1_1_U25                                                    |     |        | tmp_8                                                            | sparsemux | auto      | 0       |
|     mac_muladd_8s_8s_17s_18_4_1_U33                                             | 1   |        | mul_ln30_3                                                       | mul       | dsp_slice | 3       |
|     mac_muladd_8s_8s_17s_18_4_1_U33                                             | 1   |        | sext_ln30_11                                                     | sext      | dsp_slice | 3       |
|     t_13_fu_1481_p2                                                             |     |        | t_13                                                             | add       | fabric    | 0       |
|     icmp_ln29_3_fu_1496_p2                                                      |     |        | icmp_ln29_3                                                      | setne     | auto      | 0       |
|     sparsemux_9_3_8_1_1_U26                                                     |     |        | x_94                                                             | sparsemux | auto      | 0       |
|     x_95_fu_1832_p3                                                             |     |        | x_95                                                             | select    | auto_sel  | 0       |
|     sparsemux_33_4_8_1_1_U27                                                    |     |        | tmp_s                                                            | sparsemux | auto      | 0       |
|     mul_8s_8s_16_1_1_U28                                                        |     |        | mul_ln30_4                                                       | mul       | auto      | 0       |
|     t_14_fu_1524_p2                                                             |     |        | t_14                                                             | add       | fabric    | 0       |
|     icmp_ln29_4_fu_1539_p2                                                      |     |        | icmp_ln29_4                                                      | setne     | auto      | 0       |
|     sparsemux_9_3_8_1_1_U29                                                     |     |        | x_96                                                             | sparsemux | auto      | 0       |
|     x_97_fu_1947_p3                                                             |     |        | x_97                                                             | select    | auto_sel  | 0       |
|     sparsemux_33_4_8_1_1_U30                                                    |     |        | tmp_1                                                            | sparsemux | auto      | 0       |
|     mac_muladd_8s_8s_16s_16_4_1_U34                                             | 1   |        | mul_ln30_5                                                       | mul       | dsp_slice | 3       |
|     mac_muladd_8s_8s_17s_18_4_1_U33                                             | 1   |        | add_ln30_2                                                       | add       | dsp_slice | 3       |
|     mac_muladd_8s_8s_16s_16_4_1_U34                                             | 1   |        | add_ln30_3                                                       | add       | dsp_slice | 3       |
|     ama_addmuladd_16s_18s_16ns_24s_33_4_1_U35                                   | 1   |        | acc_12                                                           | add       | dsp_slice | 3       |
|     ama_addmuladd_16s_18s_16ns_24s_33_4_1_U35                                   | 1   |        | sext_ln4                                                         | sext      | dsp_slice | 3       |
|     ama_addmuladd_16s_18s_16ns_24s_33_4_1_U35                                   | 1   |        | mul_ln4                                                          | mul       | dsp_slice | 3       |
|     add_ln4_fu_2060_p2                                                          |     |        | add_ln4                                                          | add       | fabric    | 0       |
|     ama_addmuladd_16s_18s_16ns_24s_33_4_1_U35                                   | 1   |        | t_15                                                             | add       | dsp_slice | 3       |
|     icmp_ln7_fu_2086_p2                                                         |     |        | icmp_ln7                                                         | setgt     | auto      | 0       |
|     xor_ln8_fu_2101_p2                                                          |     |        | xor_ln8                                                          | xor       | auto      | 0       |
|     select_ln8_1_fu_2107_p3                                                     |     |        | select_ln8_1                                                     | select    | auto_sel  | 0       |
|     or_ln8_fu_2115_p2                                                           |     |        | or_ln8                                                           | or        | auto      | 0       |
|     select_ln8_fu_2121_p3                                                       |     |        | select_ln8                                                       | select    | auto_sel  | 0       |
|     icmp_ln33_fu_1570_p2                                                        |     |        | icmp_ln33                                                        | seteq     | auto      | 0       |
|     o_3_fu_1575_p2                                                              |     |        | o_3                                                              | add       | fabric    | 0       |
|     co_3_fu_1581_p2                                                             |     |        | co_3                                                             | add       | fabric    | 0       |
|     o_4_fu_1586_p3                                                              |     |        | o_4                                                              | select    | auto_sel  | 0       |
|   + conv2                                                                       | 51  |        |                                                                  |           |           |         |
|     icmp_ln40_fu_2699_p2                                                        |     |        | icmp_ln40                                                        | seteq     | auto      | 0       |
|     i_3_fu_2705_p2                                                              |     |        | i_3                                                              | add       | fabric    | 0       |
|     t_fu_2728_p2                                                                |     |        | t                                                                | add       | fabric    | 0       |
|     xor_ln45_fu_2742_p2                                                         |     |        | xor_ln45                                                         | xor       | auto      | 0       |
|     icmp_ln45_fu_2758_p2                                                        |     |        | icmp_ln45                                                        | setne     | auto      | 0       |
|     ok_fu_2764_p2                                                               |     |        | ok                                                               | and       | auto      | 0       |
|     ta_1_fu_2774_p3                                                             |     |        | ta_1                                                             | select    | auto_sel  | 0       |
|     x_0_141696_fu_3107_p3                                                       |     |        | x_0_141696                                                       | select    | auto_sel  | 0       |
|     x_0_12163816401694_fu_3600_p3                                               |     |        | x_0_12163816401694                                               | select    | auto_sel  | 0       |
|     x_0_1015881590163616421692_fu_3114_p3                                       |     |        | x_0_1015881590163616421692                                       | select    | auto_sel  | 0       |
|     x_0_81546154815861592163416441690_fu_3121_p3                                |     |        | x_0_81546154815861592163416441690                                | select    | auto_sel  | 0       |
|     x_0_6151215141544155015841594163216461688_fu_3128_p3                        |     |        | x_0_6151215141544155015841594163216461688                        | select    | auto_sel  | 0       |
|     x_0_47714861488151015161542155215821596163016481686_fu_3135_p3              |     |        | x_0_47714861488151015161542155215821596163016481686              | select    | auto_sel  | 0       |
|     x_0_2391468147014841490150815181540155415801598162816501684_fu_3142_p3      |     |        | x_0_2391468147014841490150815181540155415801598162816501684      | select    | auto_sel  | 0       |
|     x_049814601466147214821492150615201538155615781600162616521682_fu_3149_p3   |     |        | x_049814601466147214821492150615201538155615781600162616521682   | select    | auto_sel  | 0       |
|     x_0_12014621464147414801494150415221536155815761602162416541680_fu_3156_p3  |     |        | x_0_12014621464147414801494150415221536155815761602162416541680  | select    | auto_sel  | 0       |
|     x_0_358147614781496150215241534156015741604162216561678_fu_3163_p3          |     |        | x_0_358147614781496150215241534156015741604162216561678          | select    | auto_sel  | 0       |
|     x_0_51498150015261532156215721606162016581676_fu_3170_p3                    |     |        | x_0_51498150015261532156215721606162016581676                    | select    | auto_sel  | 0       |
|     x_0_715281530156415701608161816601674_fu_3177_p3                            |     |        | x_0_715281530156415701608161816601674                            | select    | auto_sel  | 0       |
|     x_0_9156615681610161616621672_fu_3184_p3                                    |     |        | x_0_9156615681610161616621672                                    | select    | auto_sel  | 0       |
|     x_0_111612161416641670_fu_3191_p3                                           |     |        | x_0_111612161416641670                                           | select    | auto_sel  | 0       |
|     x_0_1316661668_fu_3198_p3                                                   |     |        | x_0_1316661668                                                   | select    | auto_sel  | 0       |
|     x_16_fu_3205_p3                                                             |     |        | x_16                                                             | select    | auto_sel  | 0       |
|     mac_muladd_8ns_8s_16s_17_4_1_U104                                           | 1   |        | acc                                                              | mul       | dsp_slice | 3       |
|     mac_muladd_8ns_8s_16s_17_4_1_U104                                           | 1   |        | acc_141_cast                                                     | sext      | dsp_slice | 3       |
|     mul_8ns_8s_16_1_1_U74                                                       |     |        | mul_ln56_1                                                       | mul       | auto      | 0       |
|     mul_8ns_8s_16_1_1_U75                                                       |     |        | mul_ln56_2                                                       | mul       | auto      | 0       |
|     mac_muladd_8ns_8s_16s_17_4_1_U105                                           | 1   |        | mul_ln56_3                                                       | mul       | dsp_slice | 3       |
|     mac_muladd_8ns_8s_16s_17_4_1_U105                                           | 1   |        | mul_ln56_3_cast79                                                | sext      | dsp_slice | 3       |
|     mac_muladd_8ns_8s_16s_17_4_1_U106                                           | 1   |        | mul_ln56_4                                                       | mul       | dsp_slice | 3       |
|     mac_muladd_8ns_8s_16s_17_4_1_U106                                           | 1   |        | mul_ln56_4_cast76                                                | sext      | dsp_slice | 3       |
|     mac_muladd_8ns_8s_19s_20_4_1_U121                                           | 1   |        | mul_ln56_5                                                       | mul       | dsp_slice | 3       |
|     mac_muladd_8ns_8s_19s_20_4_1_U121                                           | 1   |        | mul_ln56_5_cast                                                  | sext      | dsp_slice | 3       |
|     mul_8ns_8s_16_1_1_U76                                                       |     |        | mul_ln56_6                                                       | mul       | auto      | 0       |
|     mac_muladd_8ns_8s_17s_18_4_1_U122                                           | 1   |        | mul_ln56_7                                                       | mul       | dsp_slice | 3       |
|     mac_muladd_8ns_8s_17s_18_4_1_U122                                           | 1   |        | mul_ln56_7_cast82                                                | sext      | dsp_slice | 3       |
|     mac_muladd_8ns_8s_16s_17_4_1_U107                                           | 1   |        | mul_ln56_8                                                       | mul       | dsp_slice | 3       |
|     mac_muladd_8ns_8s_16s_17_4_1_U107                                           | 1   |        | mul_ln56_8_cast74                                                | sext      | dsp_slice | 3       |
|     mul_8ns_8s_16_1_1_U77                                                       |     |        | mul_ln56_9                                                       | mul       | auto      | 0       |
|     mul_8ns_8s_16_1_1_U78                                                       |     |        | mul_ln56_10                                                      | mul       | auto      | 0       |
|     mac_muladd_8ns_8s_16s_17_4_1_U108                                           | 1   |        | mul_ln56_11                                                      | mul       | dsp_slice | 3       |
|     mac_muladd_8ns_8s_16s_17_4_1_U108                                           | 1   |        | mul_ln56_11_cast81                                               | sext      | dsp_slice | 3       |
|     mul_8ns_8s_16_1_1_U82                                                       |     |        | mul_ln56_12                                                      | mul       | auto      | 0       |
|     mac_muladd_8ns_8s_17s_18_4_1_U123                                           | 1   |        | mul_ln56_13                                                      | mul       | dsp_slice | 3       |
|     mac_muladd_8ns_8s_17s_18_4_1_U123                                           | 1   |        | mul_ln56_13_cast83                                               | sext      | dsp_slice | 3       |
|     mac_muladd_8ns_8s_16s_17_4_1_U109                                           | 1   |        | mul_ln56_14                                                      | mul       | dsp_slice | 3       |
|     mac_muladd_8ns_8s_16s_17_4_1_U109                                           | 1   |        | sext_ln48                                                        | sext      | dsp_slice | 3       |
|     mul_8s_8ns_16_1_1_U79                                                       |     |        | mul_ln56_15                                                      | mul       | auto      | 0       |
|     t_5_fu_2892_p2                                                              |     |        | t_5                                                              | add       | fabric    | 0       |
|     xor_ln45_1_fu_2906_p2                                                       |     |        | xor_ln45_1                                                       | xor       | auto      | 0       |
|     icmp_ln45_1_fu_2922_p2                                                      |     |        | icmp_ln45_1                                                      | setne     | auto      | 0       |
|     ok_1_fu_2928_p2                                                             |     |        | ok_1                                                             | and       | auto      | 0       |
|     ta_3_fu_2938_p3                                                             |     |        | ta_3                                                             | select    | auto_sel  | 0       |
|     x_0_1_141458_fu_3332_p3                                                     |     |        | x_0_1_141458                                                     | select    | auto_sel  | 0       |
|     x_0_1_12140014021456_fu_3339_p3                                             |     |        | x_0_1_12140014021456                                             | select    | auto_sel  | 0       |
|     x_0_1_1013501352139814041454_fu_3346_p3                                     |     |        | x_0_1_1013501352139814041454                                     | select    | auto_sel  | 0       |
|     x_0_1_81308131013481354139614061452_fu_3353_p3                              |     |        | x_0_1_81308131013481354139614061452                              | select    | auto_sel  | 0       |
|     x_0_1_6127412761306131213461356139414081450_fu_3641_p3                      |     |        | x_0_1_6127412761306131213461356139414081450                      | select    | auto_sel  | 0       |
|     x_0_1_412481250127212781304131413441358139214101448_fu_3360_p3              |     |        | x_0_1_412481250127212781304131413441358139214101448              | select    | auto_sel  | 0       |
|     x_0_1_21230123212461252127012801302131613421360139014121446_fu_3367_p3      |     |        | x_0_1_21230123212461252127012801302131613421360139014121446      | select    | auto_sel  | 0       |
|     x_0_150012221228123412441254126812821300131813401362138814141444_fu_3374_p3 |     |        | x_0_150012221228123412441254126812821300131813401362138814141444 | select    | auto_sel  | 0       |
|     x_0_1_112241226123612421256126612841298132013381364138614161442_fu_3648_p3  |     |        | x_0_1_112241226123612421256126612841298132013381364138614161442  | select    | auto_sel  | 0       |
|     x_0_1_3123812401258126412861296132213361366138414181440_fu_3381_p3          |     |        | x_0_1_3123812401258126412861296132213361366138414181440          | select    | auto_sel  | 0       |
|     x_0_1_51260126212881294132413341368138214201438_fu_3655_p3                  |     |        | x_0_1_51260126212881294132413341368138214201438                  | select    | auto_sel  | 0       |
|     x_0_1_712901292132613321370138014221436_fu_3662_p3                          |     |        | x_0_1_712901292132613321370138014221436                          | select    | auto_sel  | 0       |
|     x_0_1_9132813301372137814241434_fu_3388_p3                                  |     |        | x_0_1_9132813301372137814241434                                  | select    | auto_sel  | 0       |
|     x_0_1_111374137614261432_fu_3972_p3                                         |     |        | x_0_1_111374137614261432                                         | select    | auto_sel  | 0       |
|     x_0_1_1314281430_fu_3395_p3                                                 |     |        | x_0_1_1314281430                                                 | select    | auto_sel  | 0       |
|     x_33_fu_3402_p3                                                             |     |        | x_33                                                             | select    | auto_sel  | 0       |
|     mac_muladd_8ns_8s_16s_17_4_1_U110                                           | 1   |        | mul_ln56_16                                                      | mul       | dsp_slice | 3       |
|     mac_muladd_8ns_8s_16s_17_4_1_U110                                           | 1   |        | mul_ln56_16_cast88                                               | sext      | dsp_slice | 3       |
|     mul_8ns_8s_16_1_1_U83                                                       |     |        | mul_ln56_17                                                      | mul       | auto      | 0       |
|     mul_8ns_8s_16_1_1_U80                                                       |     |        | mul_ln56_18                                                      | mul       | auto      | 0       |
|     mac_muladd_8ns_8s_16s_17_4_1_U111                                           | 1   |        | mul_ln56_19                                                      | mul       | dsp_slice | 3       |
|     mac_muladd_8ns_8s_16s_17_4_1_U111                                           | 1   |        | mul_ln56_19_cast91                                               | sext      | dsp_slice | 3       |
|     mac_muladd_8ns_8s_17s_18_4_1_U124                                           | 1   |        | mul_ln56_20                                                      | mul       | dsp_slice | 3       |
|     mac_muladd_8ns_8s_17s_18_4_1_U124                                           | 1   |        | mul_ln56_20_cast89                                               | sext      | dsp_slice | 3       |
|     mac_muladd_8ns_8s_17s_18_4_1_U125                                           | 1   |        | mul_ln56_21                                                      | mul       | dsp_slice | 3       |
|     mac_muladd_8ns_8s_17s_18_4_1_U125                                           | 1   |        | mul_ln56_21_cast94                                               | sext      | dsp_slice | 3       |
|     mac_muladd_8ns_8s_20s_21_4_1_U138                                           | 1   |        | mul_ln56_22                                                      | mul       | dsp_slice | 3       |
|     mac_muladd_8ns_8s_20s_21_4_1_U138                                           | 1   |        | mul_ln56_22_cast                                                 | sext      | dsp_slice | 3       |
|     mul_8ns_8s_16_1_1_U84                                                       |     |        | mul_ln56_23                                                      | mul       | auto      | 0       |
|     mac_muladd_8ns_8s_16s_17_4_1_U112                                           | 1   |        | mul_ln56_24                                                      | mul       | dsp_slice | 3       |
|     mac_muladd_8ns_8s_16s_17_4_1_U112                                           | 1   |        | mul_ln56_24_cast85                                               | sext      | dsp_slice | 3       |
|     mac_muladd_8ns_8s_16s_17_4_1_U113                                           | 1   |        | mul_ln56_25                                                      | mul       | dsp_slice | 3       |
|     mac_muladd_8ns_8s_16s_17_4_1_U113                                           | 1   |        | mul_ln56_25_cast93                                               | sext      | dsp_slice | 3       |
|     mul_8ns_8s_16_1_1_U81                                                       |     |        | mul_ln56_26                                                      | mul       | auto      | 0       |
|     mul_8ns_8s_16_1_1_U90                                                       |     |        | mul_ln56_27                                                      | mul       | auto      | 0       |
|     mac_muladd_8ns_8s_17s_18_4_1_U126                                           | 1   |        | mul_ln56_28                                                      | mul       | dsp_slice | 3       |
|     mac_muladd_8ns_8s_17s_18_4_1_U126                                           | 1   |        | mul_ln56_28_cast86                                               | sext      | dsp_slice | 3       |
|     mac_muladd_8ns_8s_16s_17_4_1_U114                                           | 1   |        | mul_ln56_29                                                      | mul       | dsp_slice | 3       |
|     mac_muladd_8ns_8s_16s_17_4_1_U114                                           | 1   |        | mul_ln56_29_cast96                                               | sext      | dsp_slice | 3       |
|     mac_muladd_8ns_8s_16s_17_4_1_U115                                           | 1   |        | mul_ln56_30                                                      | mul       | dsp_slice | 3       |
|     mac_muladd_8ns_8s_16s_17_4_1_U115                                           | 1   |        | sext_ln48_1                                                      | sext      | dsp_slice | 3       |
|     mac_muladd_8s_8ns_17s_18_4_1_U127                                           | 1   |        | mul_ln56_31                                                      | mul       | dsp_slice | 3       |
|     mac_muladd_8s_8ns_17s_18_4_1_U127                                           | 1   |        | sext_ln44_1                                                      | sext      | dsp_slice | 3       |
|     ta_5_fu_2981_p3                                                             |     |        | ta_5                                                             | select    | auto_sel  | 0       |
|     x_0_2_141220_fu_3720_p3                                                     |     |        | x_0_2_141220                                                     | select    | auto_sel  | 0       |
|     x_0_2_12116211641218_fu_3469_p3                                             |     |        | x_0_2_12116211641218                                             | select    | auto_sel  | 0       |
|     x_0_2_1011121114116011661216_fu_3727_p3                                     |     |        | x_0_2_1011121114116011661216                                     | select    | auto_sel  | 0       |
|     x_0_2_81070107211101116115811681214_fu_3734_p3                              |     |        | x_0_2_81070107211101116115811681214                              | select    | auto_sel  | 0       |
|     x_0_2_6103610381068107411081118115611701212_fu_3476_p3                      |     |        | x_0_2_6103610381068107411081118115611701212                      | select    | auto_sel  | 0       |
|     x_0_2_410101012103410401066107611061120115411721210_fu_4023_p3              |     |        | x_0_2_410101012103410401066107611061120115411721210              | select    | auto_sel  | 0       |
|     x_0_2_299299410081014103210421064107811041122115211741208_fu_3741_p3        |     |        | x_0_2_299299410081014103210421064107811041122115211741208        | select    | auto_sel  | 0       |
|     x_0_250298499099610061016103010441062108011021124115011761206_fu_3748_p3    |     |        | x_0_250298499099610061016103010441062108011021124115011761206    | select    | auto_sel  | 0       |
|     x_0_2_198698899810041018102810461060108211001126114811781204_fu_4543_p3     |     |        | x_0_2_198698899810041018102810461060108211001126114811781204     | select    | auto_sel  | 0       |
|     x_0_2_3100010021020102610481058108410981128114611801202_fu_4029_p3          |     |        | x_0_2_3100010021020102610481058108410981128114611801202          | select    | auto_sel  | 0       |
|     x_0_2_51022102410501056108610961130114411821200_fu_4035_p3                  |     |        | x_0_2_51022102410501056108610961130114411821200                  | select    | auto_sel  | 0       |
|     x_0_2_710521054108810941132114211841198_fu_3483_p3                          |     |        | x_0_2_710521054108810941132114211841198                          | select    | auto_sel  | 0       |
|     x_0_2_9109010921134114011861196_fu_4042_p3                                  |     |        | x_0_2_9109010921134114011861196                                  | select    | auto_sel  | 0       |
|     x_0_2_111136113811881194_fu_3490_p3                                         |     |        | x_0_2_111136113811881194                                         | select    | auto_sel  | 0       |
|     x_0_2_1311901192_fu_4049_p3                                                 |     |        | x_0_2_1311901192                                                 | select    | auto_sel  | 0       |
|     x_50_fu_4055_p3                                                             |     |        | x_50                                                             | select    | auto_sel  | 0       |
|     mac_muladd_8ns_8s_16s_17_4_1_U128                                           | 1   |        | mul_ln56_32                                                      | mul       | dsp_slice | 3       |
|     mac_muladd_8ns_8s_16s_17_4_1_U128                                           | 1   |        | mul_ln56_32_cast102                                              | sext      | dsp_slice | 3       |
|     mac_muladd_8ns_8s_21s_22_4_1_U153                                           | 1   |        | mul_ln56_33                                                      | mul       | dsp_slice | 3       |
|     mac_muladd_8ns_8s_21s_22_4_1_U153                                           | 1   |        | mul_ln56_33_cast                                                 | sext      | dsp_slice | 3       |
|     mul_8ns_8s_16_1_1_U85                                                       |     |        | mul_ln56_34                                                      | mul       | auto      | 0       |
|     mac_muladd_8ns_8s_17s_18_4_1_U139                                           | 1   |        | mul_ln56_35                                                      | mul       | dsp_slice | 3       |
|     mac_muladd_8ns_8s_17s_18_4_1_U139                                           | 1   |        | mul_ln56_35_cast106                                              | sext      | dsp_slice | 3       |
|     mac_muladd_8ns_8s_17s_18_4_1_U140                                           | 1   |        | mul_ln56_36                                                      | mul       | dsp_slice | 3       |
|     mac_muladd_8ns_8s_17s_18_4_1_U140                                           | 1   |        | mul_ln56_36_cast103                                              | sext      | dsp_slice | 3       |
|     mul_8ns_8s_16_1_1_U91                                                       |     |        | mul_ln56_37                                                      | mul       | auto      | 0       |
|     mac_muladd_8ns_8s_16s_17_4_1_U116                                           | 1   |        | mul_ln56_38                                                      | mul       | dsp_slice | 3       |
|     mac_muladd_8ns_8s_16s_17_4_1_U116                                           | 1   |        | mul_ln56_38_cast99                                               | sext      | dsp_slice | 3       |
|     mac_muladd_8ns_8s_16s_17_4_1_U117                                           | 1   |        | mul_ln56_39                                                      | mul       | dsp_slice | 3       |
|     mac_muladd_8ns_8s_16s_17_4_1_U117                                           | 1   |        | mul_ln56_39_cast105                                              | sext      | dsp_slice | 3       |
|     mul_8ns_8s_16_1_1_U86                                                       |     |        | mul_ln56_40                                                      | mul       | auto      | 0       |
|     mul_8ns_8s_16_1_1_U92                                                       |     |        | mul_ln56_41                                                      | mul       | auto      | 0       |
|     mac_muladd_8ns_8s_17s_18_4_1_U129                                           | 1   |        | mul_ln56_42                                                      | mul       | dsp_slice | 3       |
|     mac_muladd_8ns_8s_17s_18_4_1_U129                                           | 1   |        | mul_ln56_42_cast100                                              | sext      | dsp_slice | 3       |
|     mac_muladd_8ns_8s_16s_17_4_1_U118                                           | 1   |        | mul_ln56_43                                                      | mul       | dsp_slice | 3       |
|     mac_muladd_8ns_8s_16s_17_4_1_U118                                           | 1   |        | mul_ln56_43_cast108                                              | sext      | dsp_slice | 3       |
|     mac_muladd_8ns_8s_16s_17_4_1_U119                                           | 1   |        | mul_ln56_44                                                      | mul       | dsp_slice | 3       |
|     mac_muladd_8ns_8s_16s_17_4_1_U119                                           | 1   |        | mul_ln56_44_cast97                                               | sext      | dsp_slice | 3       |
|     mac_muladd_8ns_8s_17s_18_4_1_U141                                           | 1   |        | mul_ln56_45                                                      | mul       | dsp_slice | 3       |
|     mac_muladd_8ns_8s_17s_18_4_1_U141                                           | 1   |        | mul_ln56_45_cast109                                              | sext      | dsp_slice | 3       |
|     mul_8ns_8s_16_1_1_U87                                                       |     |        | mul_ln56_46                                                      | mul       | auto      | 0       |
|     mul_8s_8ns_16_1_1_U93                                                       |     |        | mul_ln56_47                                                      | mul       | auto      | 0       |
|     t_6_fu_2997_p2                                                              |     |        | t_6                                                              | add       | fabric    | 0       |
|     ok_2_fu_3013_p2                                                             |     |        | ok_2                                                             | seteq     | auto      | 0       |
|     ta_7_fu_3023_p3                                                             |     |        | ta_7                                                             | select    | auto_sel  | 0       |
|     x_0_3_14982_fu_3805_p3                                                      |     |        | x_0_3_14982                                                      | select    | auto_sel  | 0       |
|     x_0_3_12924926980_fu_4145_p3                                                |     |        | x_0_3_12924926980                                                | select    | auto_sel  | 0       |
|     x_0_3_10874876922928978_fu_4152_p3                                          |     |        | x_0_3_10874876922928978                                          | select    | auto_sel  | 0       |
|     x_0_3_8832834872878920930976_fu_4158_p3                                     |     |        | x_0_3_8832834872878920930976                                     | select    | auto_sel  | 0       |
|     x_0_3_6798800830836870880918932974_fu_4164_p3                               |     |        | x_0_3_6798800830836870880918932974                               | select    | auto_sel  | 0       |
|     x_0_3_4772774796802828838868882916934972_fu_3812_p3                         |     |        | x_0_3_4772774796802828838868882916934972                         | select    | auto_sel  | 0       |
|     x_0_3_2754756770776794804826840866884914936970_fu_4171_p3                   |     |        | x_0_3_2754756770776794804826840866884914936970                   | select    | auto_sel  | 0       |
|     x_0_3504746752758768778792806824842864886912938968_fu_3819_p3               |     |        | x_0_3504746752758768778792806824842864886912938968               | select    | auto_sel  | 0       |
|     x_0_3_1748750760766780790808822844862888910940966_fu_4178_p3                |     |        | x_0_3_1748750760766780790808822844862888910940966                | select    | auto_sel  | 0       |
|     x_0_3_3762764782788810820846860890908942964_fu_4184_p3                      |     |        | x_0_3_3762764782788810820846860890908942964                      | select    | auto_sel  | 0       |
|     x_0_3_5784786812818848858892906944962_fu_3517_p3                            |     |        | x_0_3_5784786812818848858892906944962                            | select    | auto_sel  | 0       |
|     x_0_3_7814816850856894904946960_fu_4191_p3                                  |     |        | x_0_3_7814816850856894904946960                                  | select    | auto_sel  | 0       |
|     x_0_3_9852854896902948958_fu_4198_p3                                        |     |        | x_0_3_9852854896902948958                                        | select    | auto_sel  | 0       |
|     x_0_3_11898900950956_fu_4204_p3                                             |     |        | x_0_3_11898900950956                                             | select    | auto_sel  | 0       |
|     x_0_3_13952954_fu_3826_p3                                                   |     |        | x_0_3_13952954                                                   | select    | auto_sel  | 0       |
|     x_67_fu_3833_p3                                                             |     |        | x_67                                                             | select    | auto_sel  | 0       |
|     mac_muladd_8ns_8s_16s_17_4_1_U130                                           | 1   |        | mul_ln56_48                                                      | mul       | dsp_slice | 3       |
|     mac_muladd_8ns_8s_16s_17_4_1_U130                                           | 1   |        | mul_ln56_48_cast116                                              | sext      | dsp_slice | 3       |
|     mac_muladd_8ns_8s_17s_18_4_1_U142                                           | 1   |        | mul_ln56_49                                                      | mul       | dsp_slice | 3       |
|     mac_muladd_8ns_8s_17s_18_4_1_U142                                           | 1   |        | mul_ln56_49_cast119                                              | sext      | dsp_slice | 3       |
|     mul_8ns_8s_16_1_1_U94                                                       |     |        | mul_ln56_50                                                      | mul       | auto      | 0       |
|     mul_8ns_8s_16_1_1_U95                                                       |     |        | mul_ln56_51                                                      | mul       | auto      | 0       |
|     mac_muladd_8ns_8s_16s_17_4_1_U131                                           | 1   |        | mul_ln56_52                                                      | mul       | dsp_slice | 3       |
|     mac_muladd_8ns_8s_16s_17_4_1_U131                                           | 1   |        | mul_ln56_52_cast113                                              | sext      | dsp_slice | 3       |
|     mac_muladd_8ns_8s_16s_17_4_1_U120                                           | 1   |        | mul_ln56_53                                                      | mul       | dsp_slice | 3       |
|     mac_muladd_8ns_8s_16s_17_4_1_U120                                           | 1   |        | mul_ln56_53_cast118                                              | sext      | dsp_slice | 3       |
|     mul_8ns_8s_16_1_1_U96                                                       |     |        | mul_ln56_54                                                      | mul       | auto      | 0       |
|     mul_8ns_8s_16_1_1_U100                                                      |     |        | mul_ln56_55                                                      | mul       | auto      | 0       |
|     mac_muladd_8ns_8s_17s_18_4_1_U143                                           | 1   |        | mul_ln56_56                                                      | mul       | dsp_slice | 3       |
|     mac_muladd_8ns_8s_17s_18_4_1_U143                                           | 1   |        | mul_ln56_56_cast114                                              | sext      | dsp_slice | 3       |
|     mac_muladd_8ns_8s_16s_17_4_1_U144                                           | 1   |        | mul_ln56_57                                                      | mul       | dsp_slice | 3       |
|     mac_muladd_8ns_8s_16s_17_4_1_U144                                           | 1   |        | mul_ln56_57_cast121                                              | sext      | dsp_slice | 3       |
|     mac_muladd_8ns_8s_16s_17_4_1_U145                                           | 1   |        | mul_ln56_58                                                      | mul       | dsp_slice | 3       |
|     mac_muladd_8ns_8s_16s_17_4_1_U145                                           | 1   |        | mul_ln56_58_cast111                                              | sext      | dsp_slice | 3       |
|     mac_muladd_8ns_8s_17s_18_4_1_U146                                           | 1   |        | mul_ln56_59                                                      | mul       | dsp_slice | 3       |
|     mac_muladd_8ns_8s_17s_18_4_1_U146                                           | 1   |        | mul_ln56_59_cast123                                              | sext      | dsp_slice | 3       |
|     mul_8ns_8s_16_1_1_U101                                                      |     |        | mul_ln56_60                                                      | mul       | auto      | 0       |
|     mul_8ns_8s_16_1_1_U88                                                       |     |        | mul_ln56_61                                                      | mul       | auto      | 0       |
|     mac_muladd_8ns_8s_16s_17_4_1_U132                                           | 1   |        | mul_ln56_62                                                      | mul       | dsp_slice | 3       |
|     mac_muladd_8ns_8s_16s_17_4_1_U132                                           | 1   |        | sext_ln48_3                                                      | sext      | dsp_slice | 3       |
|     mac_muladd_8s_8ns_16s_17_4_1_U133                                           | 1   |        | mul_ln56_63                                                      | mul       | dsp_slice | 3       |
|     mac_muladd_8s_8ns_16s_17_4_1_U133                                           | 1   |        | sext_ln44_3                                                      | sext      | dsp_slice | 3       |
|     t_7_fu_3037_p2                                                              |     |        | t_7                                                              | add       | fabric    | 0       |
|     ok_3_fu_3053_p2                                                             |     |        | ok_3                                                             | seteq     | auto      | 0       |
|     ta_9_fu_3528_p3                                                             |     |        | ta_9                                                             | select    | auto_sel  | 0       |
|     x_0_4_14744_fu_4291_p3                                                      |     |        | x_0_4_14744                                                      | select    | auto_sel  | 0       |
|     x_0_4_12686688742_fu_4298_p3                                                |     |        | x_0_4_12686688742                                                | select    | auto_sel  | 0       |
|     x_0_4_10636638684690740_fu_4304_p3                                          |     |        | x_0_4_10636638684690740                                          | select    | auto_sel  | 0       |
|     x_0_4_8594596634640682692738_fu_4311_p3                                     |     |        | x_0_4_8594596634640682692738                                     | select    | auto_sel  | 0       |
|     x_0_4_6560562592598632642680694736_fu_3881_p3                               |     |        | x_0_4_6560562592598632642680694736                               | select    | auto_sel  | 0       |
|     x_0_4_4534536558564590600630644678696734_fu_4318_p3                         |     |        | x_0_4_4534536558564590600630644678696734                         | select    | auto_sel  | 0       |
|     x_0_4_2516518532538556566588602628646676698732_fu_4325_p3                   |     |        | x_0_4_2516518532538556566588602628646676698732                   | select    | auto_sel  | 0       |
|     x_0_4506508514520530540554568586604626648674700730_fu_4331_p3               |     |        | x_0_4506508514520530540554568586604626648674700730               | select    | auto_sel  | 0       |
|     x_0_4_1510512522528542552570584606624650672702728_fu_4338_p3                |     |        | x_0_4_1510512522528542552570584606624650672702728                | select    | auto_sel  | 0       |
|     x_0_4_3524526544550572582608622652670704726_fu_3888_p3                      |     |        | x_0_4_3524526544550572582608622652670704726                      | select    | auto_sel  | 0       |
|     x_0_4_5546548574580610620654668706724_fu_4345_p3                            |     |        | x_0_4_5546548574580610620654668706724                            | select    | auto_sel  | 0       |
|     x_0_4_7576578612618656666708722_fu_3895_p3                                  |     |        | x_0_4_7576578612618656666708722                                  | select    | auto_sel  | 0       |
|     x_0_4_9614616658664710720_fu_3902_p3                                        |     |        | x_0_4_9614616658664710720                                        | select    | auto_sel  | 0       |
|     x_0_4_11660662712718_fu_4351_p3                                             |     |        | x_0_4_11660662712718                                             | select    | auto_sel  | 0       |
|     x_0_4_13714716_fu_4357_p3                                                   |     |        | x_0_4_13714716                                                   | select    | auto_sel  | 0       |
|     x_84_fu_3909_p3                                                             |     |        | x_84                                                             | select    | auto_sel  | 0       |
|     mac_muladd_8ns_8s_17s_18_4_1_U147                                           | 1   |        | mul_ln56_64                                                      | mul       | dsp_slice | 3       |
|     mac_muladd_8ns_8s_17s_18_4_1_U147                                           | 1   |        | mul_ln56_64_cast132                                              | sext      | dsp_slice | 3       |
|     mul_8ns_8s_16_1_1_U97                                                       |     |        | mul_ln56_65                                                      | mul       | auto      | 0       |
|     mac_muladd_8ns_8s_16s_17_4_1_U148                                           | 1   |        | mul_ln56_66                                                      | mul       | dsp_slice | 3       |
|     mac_muladd_8ns_8s_16s_17_4_1_U148                                           | 1   |        | mul_ln56_66_cast129                                              | sext      | dsp_slice | 3       |
|     mac_muladd_8ns_8s_16s_17_4_1_U134                                           | 1   |        | mul_ln56_67                                                      | mul       | dsp_slice | 3       |
|     mac_muladd_8ns_8s_16s_17_4_1_U134                                           | 1   |        | mul_ln56_67_cast131                                              | sext      | dsp_slice | 3       |
|     mul_8ns_8s_16_1_1_U102                                                      |     |        | mul_ln56_68                                                      | mul       | auto      | 0       |
|     mac_muladd_8ns_8s_17s_18_4_1_U149                                           | 1   |        | mul_ln56_69                                                      | mul       | dsp_slice | 3       |
|     mac_muladd_8ns_8s_17s_18_4_1_U149                                           | 1   |        | mul_ln56_69_cast135                                              | sext      | dsp_slice | 3       |
|     mac_muladd_8ns_8s_16s_17_4_1_U135                                           | 1   |        | mul_ln56_70                                                      | mul       | dsp_slice | 3       |
|     mac_muladd_8ns_8s_16s_17_4_1_U135                                           | 1   |        | mul_ln56_70_cast126                                              | sext      | dsp_slice | 3       |
|     mul_8ns_8s_16_1_1_U89                                                       |     |        | mul_ln56_71                                                      | mul       | auto      | 0       |
|     mul_8ns_8s_16_1_1_U98                                                       |     |        | mul_ln56_72                                                      | mul       | auto      | 0       |
|     mac_muladd_8ns_8s_16s_17_4_1_U136                                           | 1   |        | mul_ln56_73                                                      | mul       | dsp_slice | 3       |
|     mac_muladd_8ns_8s_16s_17_4_1_U136                                           | 1   |        | mul_ln56_73_cast134                                              | sext      | dsp_slice | 3       |
|     mac_muladd_8ns_8s_17s_18_4_1_U150                                           | 1   |        | mul_ln56_74                                                      | mul       | dsp_slice | 3       |
|     mac_muladd_8ns_8s_17s_18_4_1_U150                                           | 1   |        | mul_ln56_74_cast127                                              | sext      | dsp_slice | 3       |
|     mac_muladd_8ns_8s_17s_18_4_1_U151                                           | 1   |        | mul_ln56_75                                                      | mul       | dsp_slice | 3       |
|     mac_muladd_8ns_8s_17s_18_4_1_U151                                           | 1   |        | mul_ln56_75_cast137                                              | sext      | dsp_slice | 3       |
|     mac_muladd_8ns_8s_16s_17_4_1_U152                                           | 1   |        | mul_ln56_76                                                      | mul       | dsp_slice | 3       |
|     mac_muladd_8ns_8s_16s_17_4_1_U152                                           | 1   |        | mul_ln56_76_cast124                                              | sext      | dsp_slice | 3       |
|     mul_8ns_8s_16_1_1_U99                                                       |     |        | mul_ln56_77                                                      | mul       | auto      | 0       |
|     mul_8ns_8s_16_1_1_U103                                                      |     |        | mul_ln56_78                                                      | mul       | auto      | 0       |
|     mac_muladd_8s_8ns_16s_17_4_1_U137                                           | 1   |        | mul_ln56_79                                                      | mul       | dsp_slice | 3       |
|     mac_muladd_8s_8ns_16s_17_4_1_U137                                           | 1   |        | sext_ln56_80                                                     | sext      | dsp_slice | 3       |
|     mac_muladd_8ns_8s_16s_17_4_1_U109                                           | 1   |        | acc_5                                                            | add       | dsp_slice | 3       |
|     mac_muladd_8ns_8s_16s_17_4_1_U107                                           | 1   |        | add_ln56_1                                                       | add       | dsp_slice | 3       |
|     acc_6_fu_4477_p2                                                            |     |        | acc_6                                                            | add       | fabric    | 0       |
|     mac_muladd_8ns_8s_16s_17_4_1_U106                                           | 1   |        | add_ln56_3                                                       | add       | dsp_slice | 3       |
|     mac_muladd_8ns_8s_16s_17_4_1_U104                                           | 1   |        | add_ln56_5                                                       | add       | dsp_slice | 3       |
|     mac_muladd_8ns_8s_16s_17_4_1_U105                                           | 1   |        | add_ln56_6                                                       | add       | dsp_slice | 3       |
|     add_ln56_7_fu_4502_p2                                                       |     |        | add_ln56_7                                                       | add       | fabric    | 0       |
|     mac_muladd_8ns_8s_19s_20_4_1_U121                                           | 1   |        | add_ln56_9                                                       | add       | dsp_slice | 3       |
|     mac_muladd_8ns_8s_16s_17_4_1_U108                                           | 1   |        | add_ln56_10                                                      | add       | dsp_slice | 3       |
|     mac_muladd_8ns_8s_17s_18_4_1_U122                                           | 1   |        | add_ln56_11                                                      | add       | dsp_slice | 3       |
|     mac_muladd_8ns_8s_16s_17_4_1_U115                                           | 1   |        | add_ln56_13                                                      | add       | dsp_slice | 3       |
|     mac_muladd_8ns_8s_17s_18_4_1_U123                                           | 1   |        | add_ln56_14                                                      | add       | dsp_slice | 3       |
|     mac_muladd_8ns_8s_16s_17_4_1_U112                                           | 1   |        | add_ln56_15                                                      | add       | dsp_slice | 3       |
|     mac_muladd_8ns_8s_17s_18_4_1_U126                                           | 1   |        | add_ln56_16                                                      | add       | dsp_slice | 3       |
|     add_ln56_17_fu_4602_p2                                                      |     |        | add_ln56_17                                                      | add       | fabric    | 0       |
|     mac_muladd_8ns_8s_20s_21_4_1_U138                                           | 1   |        | add_ln56_19                                                      | add       | dsp_slice | 3       |
|     mac_muladd_8ns_8s_16s_17_4_1_U110                                           | 1   |        | add_ln56_20                                                      | add       | dsp_slice | 3       |
|     mac_muladd_8ns_8s_17s_18_4_1_U124                                           | 1   |        | add_ln56_21                                                      | add       | dsp_slice | 3       |
|     add_ln56_22_fu_4681_p2                                                      |     |        | add_ln56_22                                                      | add       | fabric    | 0       |
|     mac_muladd_8ns_8s_16s_17_4_1_U111                                           | 1   |        | add_ln56_23                                                      | add       | dsp_slice | 3       |
|     mac_muladd_8ns_8s_16s_17_4_1_U113                                           | 1   |        | add_ln56_24                                                      | add       | dsp_slice | 3       |
|     mac_muladd_8ns_8s_17s_18_4_1_U125                                           | 1   |        | add_ln56_25                                                      | add       | dsp_slice | 3       |
|     add_ln56_26_fu_4628_p2                                                      |     |        | add_ln56_26                                                      | add       | fabric    | 0       |
|     mac_muladd_8ns_8s_16s_17_4_1_U114                                           | 1   |        | add_ln56_28                                                      | add       | dsp_slice | 3       |
|     mac_muladd_8ns_8s_16s_17_4_1_U119                                           | 1   |        | add_ln56_29                                                      | add       | dsp_slice | 3       |
|     mac_muladd_8s_8ns_17s_18_4_1_U127                                           | 1   |        | add_ln56_30                                                      | add       | dsp_slice | 3       |
|     add_ln56_31_fu_4637_p2                                                      |     |        | add_ln56_31                                                      | add       | fabric    | 0       |
|     mac_muladd_8ns_8s_16s_17_4_1_U116                                           | 1   |        | add_ln56_32                                                      | add       | dsp_slice | 3       |
|     mac_muladd_8ns_8s_17s_18_4_1_U129                                           | 1   |        | add_ln56_33                                                      | add       | dsp_slice | 3       |
|     mac_muladd_8ns_8s_16s_17_4_1_U128                                           | 1   |        | add_ln56_34                                                      | add       | dsp_slice | 3       |
|     mac_muladd_8ns_8s_17s_18_4_1_U140                                           | 1   |        | add_ln56_35                                                      | add       | dsp_slice | 3       |
|     add_ln56_36_fu_4704_p2                                                      |     |        | add_ln56_36                                                      | add       | fabric    | 0       |
|     add_ln56_37_fu_4714_p2                                                      |     |        | add_ln56_37                                                      | add       | fabric    | 0       |
|     mac_muladd_8ns_8s_21s_22_4_1_U153                                           | 1   |        | add_ln56_39                                                      | add       | dsp_slice | 3       |
|     mac_muladd_8ns_8s_16s_17_4_1_U117                                           | 1   |        | add_ln56_40                                                      | add       | dsp_slice | 3       |
|     mac_muladd_8ns_8s_17s_18_4_1_U139                                           | 1   |        | add_ln56_41                                                      | add       | dsp_slice | 3       |
|     add_ln56_42_fu_4856_p2                                                      |     |        | add_ln56_42                                                      | add       | fabric    | 0       |
|     mac_muladd_8ns_8s_16s_17_4_1_U118                                           | 1   |        | add_ln56_43                                                      | add       | dsp_slice | 3       |
|     mac_muladd_8ns_8s_16s_17_4_1_U132                                           | 1   |        | add_ln56_44                                                      | add       | dsp_slice | 3       |
|     mac_muladd_8ns_8s_17s_18_4_1_U141                                           | 1   |        | add_ln56_45                                                      | add       | dsp_slice | 3       |
|     add_ln56_46_fu_4733_p2                                                      |     |        | add_ln56_46                                                      | add       | fabric    | 0       |
|     mac_muladd_8ns_8s_16s_17_4_1_U145                                           | 1   |        | add_ln56_48                                                      | add       | dsp_slice | 3       |
|     mac_muladd_8ns_8s_16s_17_4_1_U131                                           | 1   |        | add_ln56_49                                                      | add       | dsp_slice | 3       |
|     mac_muladd_8ns_8s_17s_18_4_1_U143                                           | 1   |        | add_ln56_50                                                      | add       | dsp_slice | 3       |
|     mac_muladd_8ns_8s_16s_17_4_1_U130                                           | 1   |        | add_ln56_52                                                      | add       | dsp_slice | 3       |
|     mac_muladd_8ns_8s_16s_17_4_1_U120                                           | 1   |        | add_ln56_53                                                      | add       | dsp_slice | 3       |
|     mac_muladd_8ns_8s_17s_18_4_1_U142                                           | 1   |        | add_ln56_54                                                      | add       | dsp_slice | 3       |
|     add_ln56_55_fu_4753_p2                                                      |     |        | add_ln56_55                                                      | add       | fabric    | 0       |
|     mac_muladd_8ns_8s_16s_17_4_1_U144                                           | 1   |        | add_ln56_58                                                      | add       | dsp_slice | 3       |
|     mac_muladd_8s_8ns_16s_17_4_1_U133                                           | 1   |        | add_ln56_59                                                      | add       | dsp_slice | 3       |
|     mac_muladd_8ns_8s_17s_18_4_1_U146                                           | 1   |        | add_ln56_60                                                      | add       | dsp_slice | 3       |
|     add_ln56_61_fu_4771_p2                                                      |     |        | add_ln56_61                                                      | add       | fabric    | 0       |
|     mac_muladd_8ns_8s_16s_17_4_1_U152                                           | 1   |        | add_ln56_62                                                      | add       | dsp_slice | 3       |
|     mac_muladd_8ns_8s_16s_17_4_1_U135                                           | 1   |        | add_ln56_63                                                      | add       | dsp_slice | 3       |
|     mac_muladd_8ns_8s_17s_18_4_1_U150                                           | 1   |        | add_ln56_64                                                      | add       | dsp_slice | 3       |
|     mac_muladd_8ns_8s_16s_17_4_1_U148                                           | 1   |        | add_ln56_67                                                      | add       | dsp_slice | 3       |
|     mac_muladd_8ns_8s_16s_17_4_1_U134                                           | 1   |        | add_ln56_68                                                      | add       | dsp_slice | 3       |
|     mac_muladd_8ns_8s_17s_18_4_1_U147                                           | 1   |        | add_ln56_69                                                      | add       | dsp_slice | 3       |
|     add_ln56_70_fu_4808_p2                                                      |     |        | add_ln56_70                                                      | add       | fabric    | 0       |
|     mac_muladd_8ns_8s_16s_17_4_1_U136                                           | 1   |        | add_ln56_71                                                      | add       | dsp_slice | 3       |
|     mac_muladd_8ns_8s_17s_18_4_1_U149                                           | 1   |        | add_ln56_72                                                      | add       | dsp_slice | 3       |
|     mac_muladd_8s_8ns_16s_17_4_1_U137                                           | 1   |        | add_ln56_73                                                      | add       | dsp_slice | 3       |
|     mac_muladd_8ns_8s_17s_18_4_1_U151                                           | 1   |        | add_ln56_74                                                      | add       | dsp_slice | 3       |
|     add_ln56_75_fu_4824_p2                                                      |     |        | add_ln56_75                                                      | add       | fabric    | 0       |
|     add_ln56_76_fu_4834_p2                                                      |     |        | add_ln56_76                                                      | add       | fabric    | 0       |
|     add_ln56_77_fu_4844_p2                                                      |     |        | add_ln56_77                                                      | add       | fabric    | 0       |
|     ama_addmuladd_21s_22s_16ns_29s_38_4_1_U154                                  | 1   |        | add_ln56_78                                                      | add       | dsp_slice | 3       |
|     ama_addmuladd_21s_22s_16ns_29s_38_4_1_U154                                  | 1   |        | sext_ln12                                                        | sext      | dsp_slice | 3       |
|     ama_addmuladd_21s_22s_16ns_29s_38_4_1_U154                                  | 1   |        | mul_ln12                                                         | mul       | dsp_slice | 3       |
|     add_ln12_fu_4885_p2                                                         |     |        | add_ln12                                                         | add       | fabric    | 0       |
|     ama_addmuladd_21s_22s_16ns_29s_38_4_1_U154                                  | 1   |        | t_8                                                              | add       | dsp_slice | 3       |
|     icmp_ln15_fu_4945_p2                                                        |     |        | icmp_ln15                                                        | setgt     | auto      | 0       |
|     xor_ln16_fu_4960_p2                                                         |     |        | xor_ln16                                                         | xor       | auto      | 0       |
|     select_ln16_1_fu_4966_p3                                                    |     |        | select_ln16_1                                                    | select    | auto_sel  | 0       |
|     or_ln16_fu_4974_p2                                                          |     |        | or_ln16                                                          | or        | auto      | 0       |
|     select_ln16_fu_4980_p3                                                      |     |        | select_ln16                                                      | select    | auto_sel  | 0       |
|     icmp_ln65_fu_3550_p2                                                        |     |        | icmp_ln65                                                        | seteq     | auto      | 0       |
|     o_1_fu_3555_p2                                                              |     |        | o_1                                                              | add       | fabric    | 0       |
|     cb_3_fu_3561_p2                                                             |     |        | cb_3                                                             | add       | fabric    | 0       |
|     o_2_fu_3566_p3                                                              |     |        | o_2                                                              | select    | auto_sel  | 0       |
|   + gap                                                                         | 0   |        |                                                                  |           |           |         |
|    + gap_Pipeline_G_L                                                           | 0   |        |                                                                  |           |           |         |
|      icmp_ln72_fu_1096_p2                                                       |     |        | icmp_ln72                                                        | seteq     | auto      | 0       |
|      add_ln72_fu_1102_p2                                                        |     |        | add_ln72                                                         | add       | fabric    | 0       |
|      s_fu_1249_p2                                                               |     |        | s                                                                | add       | fabric    | 0       |
|      s_1_fu_1259_p2                                                             |     |        | s_1                                                              | add       | fabric    | 0       |
|      s_2_fu_1269_p2                                                             |     |        | s_2                                                              | add       | fabric    | 0       |
|      s_3_fu_1279_p2                                                             |     |        | s_3                                                              | add       | fabric    | 0       |
|      s_4_fu_1289_p2                                                             |     |        | s_4                                                              | add       | fabric    | 0       |
|      s_5_fu_1299_p2                                                             |     |        | s_5                                                              | add       | fabric    | 0       |
|      s_6_fu_1309_p2                                                             |     |        | s_6                                                              | add       | fabric    | 0       |
|      s_7_fu_1319_p2                                                             |     |        | s_7                                                              | add       | fabric    | 0       |
|      s_8_fu_1329_p2                                                             |     |        | s_8                                                              | add       | fabric    | 0       |
|      s_9_fu_1339_p2                                                             |     |        | s_9                                                              | add       | fabric    | 0       |
|      s_10_fu_1349_p2                                                            |     |        | s_10                                                             | add       | fabric    | 0       |
|      s_11_fu_1359_p2                                                            |     |        | s_11                                                             | add       | fabric    | 0       |
|      s_12_fu_1369_p2                                                            |     |        | s_12                                                             | add       | fabric    | 0       |
|      s_13_fu_1379_p2                                                            |     |        | s_13                                                             | add       | fabric    | 0       |
|      s_14_fu_1389_p2                                                            |     |        | s_14                                                             | add       | fabric    | 0       |
|      s_15_fu_1399_p2                                                            |     |        | s_15                                                             | add       | fabric    | 0       |
|      s_16_fu_1409_p2                                                            |     |        | s_16                                                             | add       | fabric    | 0       |
|      s_17_fu_1419_p2                                                            |     |        | s_17                                                             | add       | fabric    | 0       |
|      s_18_fu_1429_p2                                                            |     |        | s_18                                                             | add       | fabric    | 0       |
|      s_19_fu_1439_p2                                                            |     |        | s_19                                                             | add       | fabric    | 0       |
|      s_20_fu_1449_p2                                                            |     |        | s_20                                                             | add       | fabric    | 0       |
|      s_21_fu_1459_p2                                                            |     |        | s_21                                                             | add       | fabric    | 0       |
|      s_22_fu_1469_p2                                                            |     |        | s_22                                                             | add       | fabric    | 0       |
|      s_23_fu_1479_p2                                                            |     |        | s_23                                                             | add       | fabric    | 0       |
|      s_24_fu_1489_p2                                                            |     |        | s_24                                                             | add       | fabric    | 0       |
|      s_25_fu_1499_p2                                                            |     |        | s_25                                                             | add       | fabric    | 0       |
|      s_26_fu_1509_p2                                                            |     |        | s_26                                                             | add       | fabric    | 0       |
|      s_27_fu_1519_p2                                                            |     |        | s_27                                                             | add       | fabric    | 0       |
|      s_28_fu_1529_p2                                                            |     |        | s_28                                                             | add       | fabric    | 0       |
|      s_29_fu_1539_p2                                                            |     |        | s_29                                                             | add       | fabric    | 0       |
|      s_30_fu_1549_p2                                                            |     |        | s_30                                                             | add       | fabric    | 0       |
|      s_31_fu_1559_p2                                                            |     |        | s_31                                                             | add       | fabric    | 0       |
|    + gap_Pipeline_G_O                                                           | 0   |        |                                                                  |           |           |         |
|      icmp_ln75_fu_379_p2                                                        |     |        | icmp_ln75                                                        | seteq     | auto      | 0       |
|      add_ln75_fu_385_p2                                                         |     |        | add_ln75                                                         | add       | fabric    | 0       |
|      sparsemux_65_5_17_1_1_U359                                                 |     |        | tmp                                                              | sparsemux | auto      | 0       |
|   + dense_argmax                                                                | 3   |        |                                                                  |           |           |         |
|     icmp_ln80_fu_208_p2                                                         |     |        | icmp_ln80                                                        | seteq     | auto      | 0       |
|     add_ln80_1_fu_214_p2                                                        |     |        | add_ln80_1                                                       | add       | fabric    | 0       |
|     add_ln80_fu_226_p2                                                          |     |        | add_ln80                                                         | add       | fabric    | 0       |
|     icmp_ln82_fu_232_p2                                                         |     |        | icmp_ln82                                                        | seteq     | auto      | 0       |
|     select_ln79_fu_238_p3                                                       |     |        | select_ln79                                                      | select    | auto_sel  | 0       |
|     grp_fu_472_p2                                                               |     |        | select_ln79_1                                                    | select    | auto_sel  | 0       |
|     select_ln80_fu_246_p3                                                       |     |        | select_ln80                                                      | select    | auto_sel  | 0       |
|     select_ln80_1_fu_376_p3                                                     |     |        | select_ln80_1                                                    | select    | auto_sel  | 0       |
|     select_ln80_2_fu_383_p3                                                     |     |        | select_ln80_2                                                    | select    | auto_sel  | 0       |
|     mac_muladd_17ns_8s_30s_30_4_1_U428                                          | 1   |        | mul_ln83                                                         | mul       | dsp_slice | 3       |
|     mac_muladd_17ns_8s_30s_30_4_1_U428                                          | 1   |        | sext_ln83_1                                                      | sext      | dsp_slice | 3       |
|     mac_muladd_17ns_8s_30s_30_4_1_U428                                          | 1   |        | a_1                                                              | add       | dsp_slice | 3       |
|     add_ln82_fu_300_p2                                                          |     |        | add_ln82                                                         | add       | fabric    | 0       |
|     icmp_ln82_1_fu_306_p2                                                       |     |        | icmp_ln82_1                                                      | seteq     | auto      | 0       |
|     mul_30s_16ns_45_1_1_U427                                                    | 2   |        | mul_ln85                                                         | mul       | auto      | 0       |
|     add_ln85_fu_393_p2                                                          |     |        | add_ln85                                                         | add       | fabric    | 0       |
|     t_fu_402_p2                                                                 |     |        | t                                                                | add       | fabric    | 0       |
|     icmp_ln88_fu_423_p2                                                         |     |        | icmp_ln88                                                        | setlt     | auto      | 0       |
|     best_1_fu_429_p3                                                            |     |        | best_1                                                           | select    | auto_sel  | 0       |
|     bk_1_fu_440_p3                                                              |     |        | bk_1                                                             | select    | auto_sel  | 0       |
|  + cnn_hw_Pipeline_CP_OUT                                                       | 0   |        |                                                                  |           |           |         |
|    icmp_ln24_fu_95_p2                                                           |     |        | icmp_ln24                                                        | seteq     | auto      | 0       |
|    add_ln24_fu_101_p2                                                           |     |        | add_ln24                                                         | add       | fabric    | 0       |
+---------------------------------------------------------------------------------+-----+--------+------------------------------------------------------------------+-----------+-----------+---------+


================================================================
== Storage Report
================================================================
+--------------------+-----------------+-----------+------+------+--------+--------------+------+---------+------------------+
| Name               | Usage           | Type      | BRAM | URAM | Pragma | Variable     | Impl | Latency | Bitwidth, Depth, |
|                    |                 |           |      |      |        |              |      |         | Banks            |
+--------------------+-----------------+-----------+------+------+--------+--------------+------+---------+------------------+
| + cnn_hw           |                 |           | 87   | 0    |        |              |      |         |                  |
|   control_s_axi_U  | interface       | s_axilite |      |      |        |              |      |         |                  |
|   gmem_m_axi_U     | interface       | m_axi     | 4    |      |        |              |      |         |                  |
|   local_U          | ram_1p array    |           | 1    |      |        | local        | auto | 1       | 8, 2048, 1       |
|   lo_U             | ram_1p array    |           |      |      |        | lo           | auto | 1       | 31, 10, 1        |
|  + cnn_core        |                 |           | 82   | 0    |        |              |      |         |                  |
|    buf_r_U         | ram_s2p channel | pipo      | 1    |      |        | buf_r        | auto | 1       | 8, 256, 2        |
|    buf_1_U         | ram_s2p channel | pipo      | 1    |      |        | buf_1        | auto | 1       | 8, 256, 2        |
|    buf_2_U         | ram_s2p channel | pipo      | 1    |      |        | buf_2        | auto | 1       | 8, 256, 2        |
|    buf_3_U         | ram_s2p channel | pipo      | 1    |      |        | buf_3        | auto | 1       | 8, 256, 2        |
|    buf_4_U         | ram_s2p channel | pipo      | 1    |      |        | buf_4        | auto | 1       | 8, 256, 2        |
|    buf_5_U         | ram_s2p channel | pipo      | 1    |      |        | buf_5        | auto | 1       | 8, 256, 2        |
|    buf_6_U         | ram_s2p channel | pipo      | 1    |      |        | buf_6        | auto | 1       | 8, 256, 2        |
|    buf_7_U         | ram_s2p channel | pipo      | 1    |      |        | buf_7        | auto | 1       | 8, 256, 2        |
|    a1_U            | ram_s2p channel | pipo      | 1    |      |        | a1           | auto | 1       | 8, 1024, 2       |
|    a1_1_U          | ram_s2p channel | pipo      | 1    |      |        | a1_1         | auto | 1       | 8, 1024, 2       |
|    a1_2_U          | ram_s2p channel | pipo      | 1    |      |        | a1_2         | auto | 1       | 8, 1024, 2       |
|    a1_3_U          | ram_s2p channel | pipo      | 1    |      |        | a1_3         | auto | 1       | 8, 1024, 2       |
|    a1_4_U          | ram_s2p channel | pipo      | 1    |      |        | a1_4         | auto | 1       | 8, 1024, 2       |
|    a1_5_U          | ram_s2p channel | pipo      | 1    |      |        | a1_5         | auto | 1       | 8, 1024, 2       |
|    a1_6_U          | ram_s2p channel | pipo      | 1    |      |        | a1_6         | auto | 1       | 8, 1024, 2       |
|    a1_7_U          | ram_s2p channel | pipo      | 1    |      |        | a1_7         | auto | 1       | 8, 1024, 2       |
|    a1_8_U          | ram_s2p channel | pipo      | 1    |      |        | a1_8         | auto | 1       | 8, 1024, 2       |
|    a1_9_U          | ram_s2p channel | pipo      | 1    |      |        | a1_9         | auto | 1       | 8, 1024, 2       |
|    a1_10_U         | ram_s2p channel | pipo      | 1    |      |        | a1_10        | auto | 1       | 8, 1024, 2       |
|    a1_11_U         | ram_s2p channel | pipo      | 1    |      |        | a1_11        | auto | 1       | 8, 1024, 2       |
|    a1_12_U         | ram_s2p channel | pipo      | 1    |      |        | a1_12        | auto | 1       | 8, 1024, 2       |
|    a1_13_U         | ram_s2p channel | pipo      | 1    |      |        | a1_13        | auto | 1       | 8, 1024, 2       |
|    a1_14_U         | ram_s2p channel | pipo      | 1    |      |        | a1_14        | auto | 1       | 8, 1024, 2       |
|    a1_15_U         | ram_s2p channel | pipo      | 1    |      |        | a1_15        | auto | 1       | 8, 1024, 2       |
|    a2_U            | ram_1p channel  | pipo      | 1    |      |        | a2           | auto | 1       | 8, 512, 2        |
|    a2_1_U          | ram_1p channel  | pipo      | 1    |      |        | a2_1         | auto | 1       | 8, 512, 2        |
|    a2_2_U          | ram_1p channel  | pipo      | 1    |      |        | a2_2         | auto | 1       | 8, 512, 2        |
|    a2_3_U          | ram_1p channel  | pipo      | 1    |      |        | a2_3         | auto | 1       | 8, 512, 2        |
|    a2_4_U          | ram_1p channel  | pipo      | 1    |      |        | a2_4         | auto | 1       | 8, 512, 2        |
|    a2_5_U          | ram_1p channel  | pipo      | 1    |      |        | a2_5         | auto | 1       | 8, 512, 2        |
|    a2_6_U          | ram_1p channel  | pipo      | 1    |      |        | a2_6         | auto | 1       | 8, 512, 2        |
|    a2_7_U          | ram_1p channel  | pipo      | 1    |      |        | a2_7         | auto | 1       | 8, 512, 2        |
|    a2_8_U          | ram_1p channel  | pipo      | 1    |      |        | a2_8         | auto | 1       | 8, 512, 2        |
|    a2_9_U          | ram_1p channel  | pipo      | 1    |      |        | a2_9         | auto | 1       | 8, 512, 2        |
|    a2_10_U         | ram_1p channel  | pipo      | 1    |      |        | a2_10        | auto | 1       | 8, 512, 2        |
|    a2_11_U         | ram_1p channel  | pipo      | 1    |      |        | a2_11        | auto | 1       | 8, 512, 2        |
|    a2_12_U         | ram_1p channel  | pipo      | 1    |      |        | a2_12        | auto | 1       | 8, 512, 2        |
|    a2_13_U         | ram_1p channel  | pipo      | 1    |      |        | a2_13        | auto | 1       | 8, 512, 2        |
|    a2_14_U         | ram_1p channel  | pipo      | 1    |      |        | a2_14        | auto | 1       | 8, 512, 2        |
|    a2_15_U         | ram_1p channel  | pipo      | 1    |      |        | a2_15        | auto | 1       | 8, 512, 2        |
|    a2_16_U         | ram_1p channel  | pipo      | 1    |      |        | a2_16        | auto | 1       | 8, 512, 2        |
|    a2_17_U         | ram_1p channel  | pipo      | 1    |      |        | a2_17        | auto | 1       | 8, 512, 2        |
|    a2_18_U         | ram_1p channel  | pipo      | 1    |      |        | a2_18        | auto | 1       | 8, 512, 2        |
|    a2_19_U         | ram_1p channel  | pipo      | 1    |      |        | a2_19        | auto | 1       | 8, 512, 2        |
|    a2_20_U         | ram_1p channel  | pipo      | 1    |      |        | a2_20        | auto | 1       | 8, 512, 2        |
|    a2_21_U         | ram_1p channel  | pipo      | 1    |      |        | a2_21        | auto | 1       | 8, 512, 2        |
|    a2_22_U         | ram_1p channel  | pipo      | 1    |      |        | a2_22        | auto | 1       | 8, 512, 2        |
|    a2_23_U         | ram_1p channel  | pipo      | 1    |      |        | a2_23        | auto | 1       | 8, 512, 2        |
|    a2_24_U         | ram_1p channel  | pipo      | 1    |      |        | a2_24        | auto | 1       | 8, 512, 2        |
|    a2_25_U         | ram_1p channel  | pipo      | 1    |      |        | a2_25        | auto | 1       | 8, 512, 2        |
|    a2_26_U         | ram_1p channel  | pipo      | 1    |      |        | a2_26        | auto | 1       | 8, 512, 2        |
|    a2_27_U         | ram_1p channel  | pipo      | 1    |      |        | a2_27        | auto | 1       | 8, 512, 2        |
|    a2_28_U         | ram_1p channel  | pipo      | 1    |      |        | a2_28        | auto | 1       | 8, 512, 2        |
|    a2_29_U         | ram_1p channel  | pipo      | 1    |      |        | a2_29        | auto | 1       | 8, 512, 2        |
|    a2_30_U         | ram_1p channel  | pipo      | 1    |      |        | a2_30        | auto | 1       | 8, 512, 2        |
|    a2_31_U         | ram_1p channel  | pipo      | 1    |      |        | a2_31        | auto | 1       | 8, 512, 2        |
|    g_U             | ram_1p channel  | pipo      | 1    |      |        | g            | auto | 1       | 17, 32, 2        |
|   + conv1          |                 |           | 0    | 0    |        |              |      |         |                  |
|     M01_U          | rom_1p          |           |      |      |        | M01          | auto | 1       | 16, 16, 1        |
|     B1_U           | rom_1p          |           |      |      |        | B1           | auto | 1       | 24, 16, 1        |
|   + conv2          |                 |           | 0    | 0    |        |              |      |         |                  |
|     p_ZL2W2_0_0_U  | rom_1p          |           |      |      |        | p_ZL2W2_0_0  | auto | 1       | 8, 32, 1         |
|     p_ZL2W2_0_1_U  | rom_1p          |           |      |      |        | p_ZL2W2_0_1  | auto | 1       | 8, 32, 1         |
|     p_ZL2W2_0_2_U  | rom_1p          |           |      |      |        | p_ZL2W2_0_2  | auto | 1       | 8, 32, 1         |
|     p_ZL2W2_0_3_U  | rom_1p          |           |      |      |        | p_ZL2W2_0_3  | auto | 1       | 8, 32, 1         |
|     p_ZL2W2_0_4_U  | rom_1p          |           |      |      |        | p_ZL2W2_0_4  | auto | 1       | 8, 32, 1         |
|     p_ZL2W2_0_5_U  | rom_1p          |           |      |      |        | p_ZL2W2_0_5  | auto | 1       | 8, 32, 1         |
|     p_ZL2W2_0_6_U  | rom_1p          |           |      |      |        | p_ZL2W2_0_6  | auto | 1       | 8, 32, 1         |
|     p_ZL2W2_0_7_U  | rom_1p          |           |      |      |        | p_ZL2W2_0_7  | auto | 1       | 8, 32, 1         |
|     p_ZL2W2_0_8_U  | rom_1p          |           |      |      |        | p_ZL2W2_0_8  | auto | 1       | 8, 32, 1         |
|     p_ZL2W2_0_9_U  | rom_1p          |           |      |      |        | p_ZL2W2_0_9  | auto | 1       | 8, 32, 1         |
|     p_ZL2W2_0_10_U | rom_1p          |           |      |      |        | p_ZL2W2_0_10 | auto | 1       | 8, 32, 1         |
|     p_ZL2W2_0_11_U | rom_1p          |           |      |      |        | p_ZL2W2_0_11 | auto | 1       | 8, 32, 1         |
|     p_ZL2W2_0_12_U | rom_1p          |           |      |      |        | p_ZL2W2_0_12 | auto | 1       | 8, 32, 1         |
|     p_ZL2W2_0_13_U | rom_1p          |           |      |      |        | p_ZL2W2_0_13 | auto | 1       | 8, 32, 1         |
|     p_ZL2W2_0_14_U | rom_1p          |           |      |      |        | p_ZL2W2_0_14 | auto | 1       | 8, 32, 1         |
|     p_ZL2W2_0_15_U | rom_1p          |           |      |      |        | p_ZL2W2_0_15 | auto | 1       | 8, 32, 1         |
|     p_ZL2W2_1_0_U  | rom_1p          |           |      |      |        | p_ZL2W2_1_0  | auto | 1       | 8, 32, 1         |
|     p_ZL2W2_1_1_U  | rom_1p          |           |      |      |        | p_ZL2W2_1_1  | auto | 1       | 8, 32, 1         |
|     p_ZL2W2_1_2_U  | rom_1p          |           |      |      |        | p_ZL2W2_1_2  | auto | 1       | 8, 32, 1         |
|     p_ZL2W2_1_3_U  | rom_1p          |           |      |      |        | p_ZL2W2_1_3  | auto | 1       | 8, 32, 1         |
|     p_ZL2W2_1_4_U  | rom_1p          |           |      |      |        | p_ZL2W2_1_4  | auto | 1       | 8, 32, 1         |
|     p_ZL2W2_1_5_U  | rom_1p          |           |      |      |        | p_ZL2W2_1_5  | auto | 1       | 8, 32, 1         |
|     p_ZL2W2_1_6_U  | rom_1p          |           |      |      |        | p_ZL2W2_1_6  | auto | 1       | 8, 32, 1         |
|     p_ZL2W2_1_7_U  | rom_1p          |           |      |      |        | p_ZL2W2_1_7  | auto | 1       | 8, 32, 1         |
|     p_ZL2W2_1_8_U  | rom_1p          |           |      |      |        | p_ZL2W2_1_8  | auto | 1       | 8, 32, 1         |
|     p_ZL2W2_1_9_U  | rom_1p          |           |      |      |        | p_ZL2W2_1_9  | auto | 1       | 8, 32, 1         |
|     p_ZL2W2_1_10_U | rom_1p          |           |      |      |        | p_ZL2W2_1_10 | auto | 1       | 8, 32, 1         |
|     p_ZL2W2_1_11_U | rom_1p          |           |      |      |        | p_ZL2W2_1_11 | auto | 1       | 8, 32, 1         |
|     p_ZL2W2_1_12_U | rom_1p          |           |      |      |        | p_ZL2W2_1_12 | auto | 1       | 8, 32, 1         |
|     p_ZL2W2_1_13_U | rom_1p          |           |      |      |        | p_ZL2W2_1_13 | auto | 1       | 8, 32, 1         |
|     p_ZL2W2_1_14_U | rom_1p          |           |      |      |        | p_ZL2W2_1_14 | auto | 1       | 8, 32, 1         |
|     p_ZL2W2_1_15_U | rom_1p          |           |      |      |        | p_ZL2W2_1_15 | auto | 1       | 8, 32, 1         |
|     p_ZL2W2_2_0_U  | rom_1p          |           |      |      |        | p_ZL2W2_2_0  | auto | 1       | 8, 32, 1         |
|     p_ZL2W2_2_1_U  | rom_1p          |           |      |      |        | p_ZL2W2_2_1  | auto | 1       | 8, 32, 1         |
|     p_ZL2W2_2_2_U  | rom_1p          |           |      |      |        | p_ZL2W2_2_2  | auto | 1       | 8, 32, 1         |
|     p_ZL2W2_2_3_U  | rom_1p          |           |      |      |        | p_ZL2W2_2_3  | auto | 1       | 8, 32, 1         |
|     p_ZL2W2_2_4_U  | rom_1p          |           |      |      |        | p_ZL2W2_2_4  | auto | 1       | 8, 32, 1         |
|     p_ZL2W2_2_5_U  | rom_1p          |           |      |      |        | p_ZL2W2_2_5  | auto | 1       | 8, 32, 1         |
|     p_ZL2W2_2_6_U  | rom_1p          |           |      |      |        | p_ZL2W2_2_6  | auto | 1       | 8, 32, 1         |
|     p_ZL2W2_2_7_U  | rom_1p          |           |      |      |        | p_ZL2W2_2_7  | auto | 1       | 8, 32, 1         |
|     p_ZL2W2_2_8_U  | rom_1p          |           |      |      |        | p_ZL2W2_2_8  | auto | 1       | 8, 32, 1         |
|     p_ZL2W2_2_9_U  | rom_1p          |           |      |      |        | p_ZL2W2_2_9  | auto | 1       | 8, 32, 1         |
|     p_ZL2W2_2_10_U | rom_1p          |           |      |      |        | p_ZL2W2_2_10 | auto | 1       | 8, 32, 1         |
|     p_ZL2W2_2_11_U | rom_1p          |           |      |      |        | p_ZL2W2_2_11 | auto | 1       | 8, 32, 1         |
|     p_ZL2W2_2_12_U | rom_1p          |           |      |      |        | p_ZL2W2_2_12 | auto | 1       | 8, 32, 1         |
|     p_ZL2W2_2_13_U | rom_1p          |           |      |      |        | p_ZL2W2_2_13 | auto | 1       | 8, 32, 1         |
|     p_ZL2W2_2_14_U | rom_1p          |           |      |      |        | p_ZL2W2_2_14 | auto | 1       | 8, 32, 1         |
|     p_ZL2W2_2_15_U | rom_1p          |           |      |      |        | p_ZL2W2_2_15 | auto | 1       | 8, 32, 1         |
|     p_ZL2W2_3_0_U  | rom_1p          |           |      |      |        | p_ZL2W2_3_0  | auto | 1       | 8, 32, 1         |
|     p_ZL2W2_3_1_U  | rom_1p          |           |      |      |        | p_ZL2W2_3_1  | auto | 1       | 8, 32, 1         |
|     p_ZL2W2_3_2_U  | rom_1p          |           |      |      |        | p_ZL2W2_3_2  | auto | 1       | 8, 32, 1         |
|     p_ZL2W2_3_3_U  | rom_1p          |           |      |      |        | p_ZL2W2_3_3  | auto | 1       | 8, 32, 1         |
|     p_ZL2W2_3_4_U  | rom_1p          |           |      |      |        | p_ZL2W2_3_4  | auto | 1       | 8, 32, 1         |
|     p_ZL2W2_3_5_U  | rom_1p          |           |      |      |        | p_ZL2W2_3_5  | auto | 1       | 8, 32, 1         |
|     p_ZL2W2_3_6_U  | rom_1p          |           |      |      |        | p_ZL2W2_3_6  | auto | 1       | 8, 32, 1         |
|     p_ZL2W2_3_7_U  | rom_1p          |           |      |      |        | p_ZL2W2_3_7  | auto | 1       | 8, 32, 1         |
|     p_ZL2W2_3_8_U  | rom_1p          |           |      |      |        | p_ZL2W2_3_8  | auto | 1       | 8, 32, 1         |
|     p_ZL2W2_3_9_U  | rom_1p          |           |      |      |        | p_ZL2W2_3_9  | auto | 1       | 8, 32, 1         |
|     p_ZL2W2_3_10_U | rom_1p          |           |      |      |        | p_ZL2W2_3_10 | auto | 1       | 8, 32, 1         |
|     p_ZL2W2_3_11_U | rom_1p          |           |      |      |        | p_ZL2W2_3_11 | auto | 1       | 8, 32, 1         |
|     p_ZL2W2_3_12_U | rom_1p          |           |      |      |        | p_ZL2W2_3_12 | auto | 1       | 8, 32, 1         |
|     p_ZL2W2_3_13_U | rom_1p          |           |      |      |        | p_ZL2W2_3_13 | auto | 1       | 8, 32, 1         |
|     p_ZL2W2_3_14_U | rom_1p          |           |      |      |        | p_ZL2W2_3_14 | auto | 1       | 8, 32, 1         |
|     p_ZL2W2_3_15_U | rom_1p          |           |      |      |        | p_ZL2W2_3_15 | auto | 1       | 8, 32, 1         |
|     p_ZL2W2_4_0_U  | rom_1p          |           |      |      |        | p_ZL2W2_4_0  | auto | 1       | 8, 32, 1         |
|     p_ZL2W2_4_1_U  | rom_1p          |           |      |      |        | p_ZL2W2_4_1  | auto | 1       | 8, 32, 1         |
|     p_ZL2W2_4_2_U  | rom_1p          |           |      |      |        | p_ZL2W2_4_2  | auto | 1       | 8, 32, 1         |
|     p_ZL2W2_4_3_U  | rom_1p          |           |      |      |        | p_ZL2W2_4_3  | auto | 1       | 8, 32, 1         |
|     p_ZL2W2_4_4_U  | rom_1p          |           |      |      |        | p_ZL2W2_4_4  | auto | 1       | 8, 32, 1         |
|     p_ZL2W2_4_5_U  | rom_1p          |           |      |      |        | p_ZL2W2_4_5  | auto | 1       | 8, 32, 1         |
|     p_ZL2W2_4_6_U  | rom_1p          |           |      |      |        | p_ZL2W2_4_6  | auto | 1       | 8, 32, 1         |
|     p_ZL2W2_4_7_U  | rom_1p          |           |      |      |        | p_ZL2W2_4_7  | auto | 1       | 8, 32, 1         |
|     p_ZL2W2_4_8_U  | rom_1p          |           |      |      |        | p_ZL2W2_4_8  | auto | 1       | 8, 32, 1         |
|     p_ZL2W2_4_9_U  | rom_1p          |           |      |      |        | p_ZL2W2_4_9  | auto | 1       | 8, 32, 1         |
|     p_ZL2W2_4_10_U | rom_1p          |           |      |      |        | p_ZL2W2_4_10 | auto | 1       | 8, 32, 1         |
|     p_ZL2W2_4_11_U | rom_1p          |           |      |      |        | p_ZL2W2_4_11 | auto | 1       | 8, 32, 1         |
|     p_ZL2W2_4_12_U | rom_1p          |           |      |      |        | p_ZL2W2_4_12 | auto | 1       | 8, 32, 1         |
|     p_ZL2W2_4_13_U | rom_1p          |           |      |      |        | p_ZL2W2_4_13 | auto | 1       | 8, 32, 1         |
|     p_ZL2W2_4_14_U | rom_1p          |           |      |      |        | p_ZL2W2_4_14 | auto | 1       | 8, 32, 1         |
|     p_ZL2W2_4_15_U | rom_1p          |           |      |      |        | p_ZL2W2_4_15 | auto | 1       | 8, 32, 1         |
|     M02_U          | rom_1p          |           |      |      |        | M02          | auto | 1       | 16, 32, 1        |
|     B2_U           | rom_1p          |           |      |      |        | B2           | auto | 1       | 29, 32, 1        |
|   + dense_argmax   |                 |           | 1    | 0    |        |              |      |         |                  |
|     WD_U           | rom_1p          |           | 1    |      |        | WD           | auto | 1       | 8, 320, 1        |
|     M0D_U          | rom_1p          |           |      |      |        | M0D          | auto | 1       | 16, 10, 1        |
|     BD_U           | rom_1p          |           |      |      |        | BD           | auto | 1       | 34, 10, 1        |
+--------------------+-----------------+-----------+------+------+--------+--------------+------+---------+------------------+


================================================================
== Pragma Report
================================================================
* Pragmas with Warnings
+----------+---------+-----------------------+------------------------------------------------------------------------------------------------------------------------------------------------------------------------------------+
| Type     | Options | Location              | Messages                                                                                                                                                                           |
+----------+---------+-----------------------+------------------------------------------------------------------------------------------------------------------------------------------------------------------------------------+
| dataflow |         | hw.tcl:15 in cnn_core | Since the only kind of statements allowed in a canonical dataflow region are variable declarations and function calls, the compiler may not be able to correctly handle the region |
+----------+---------+-----------------------+------------------------------------------------------------------------------------------------------------------------------------------------------------------------------------+

* Valid Pragma Syntax
+-----------------+-----------------------------------------------------+---------------------------------+
| Type            | Options                                             | Location                        |
+-----------------+-----------------------------------------------------+---------------------------------+
| interface       | m_axi port=x_in offset=slave bundle=gmem depth=2048 | cnn_hw.cpp:8 in cnn_hw, x_in    |
| interface       | m_axi port=y_out offset=slave bundle=gmem depth=11  | cnn_hw.cpp:9 in cnn_hw, y_out   |
| interface       | s_axilite port=x_in bundle=control                  | cnn_hw.cpp:10 in cnn_hw, x_in   |
| interface       | s_axilite port=y_out bundle=control                 | cnn_hw.cpp:11 in cnn_hw, y_out  |
| interface       | s_axilite port=n_win bundle=control                 | cnn_hw.cpp:12 in cnn_hw, n_win  |
| interface       | s_axilite port=return bundle=control                | cnn_hw.cpp:13 in cnn_hw, return |
| pipeline        | II=1                                                | cnn_hw.cpp:18 in cnn_hw         |
| pipeline        | II=1                                                | cnn_hw.cpp:25 in cnn_hw         |
| array_partition | complete dim=2 variable=a1                          | hw.tcl:30 in cnn_core, a1       |
| array_partition | complete dim=2 variable=a2                          | hw.tcl:31 in cnn_core, a2       |
| array_partition | cyclic dim=1 factor=8 variable=buf                  | hw.tcl:29 in cnn_core, buf      |
| array_partition | complete dim=0 variable=W1                          | hw.tcl:26 in conv1, W1          |
| pipeline        | II=1                                                | hw.tcl:17 in conv1              |
| unroll          |                                                     | hw.tcl:18 in conv1              |
| array_partition | complete dim=1 variable=W2                          | hw.tcl:27 in conv2, W2          |
| array_partition | complete dim=2 variable=W2                          | hw.tcl:28 in conv2, W2          |
| pipeline        | II=1                                                | hw.tcl:20 in conv2              |
| unroll          |                                                     | hw.tcl:21 in conv2              |
| unroll          |                                                     | hw.tcl:22 in conv2              |
| unroll          |                                                     | hw.tcl:23 in conv2              |
| pipeline        | II=1                                                | hw.tcl:25 in dense_argmax       |
| array_partition | complete dim=1 variable=s                           | hw.tcl:32 in gap, s             |
| pipeline        | II=1                                                | hw.tcl:24 in gap                |
| pipeline        | II=1                                                | hw.tcl:16 in load_in            |
+-----------------+-----------------------------------------------------+---------------------------------+


